noise_step,rho,image_name,low_auc_mean,high_auc_mean,gap_high_minus_low
0,0.0,ILSVRC2012_val_00000487,1.0,1.0,0.0
0,0.0,ILSVRC2012_val_00000681,1.0,1.0,0.0
0,0.0,ILSVRC2012_val_00000729,1.0,1.0,0.0
0,0.0,ILSVRC2012_val_00000974,1.0,1.0,0.0
0,0.0,ILSVRC2012_val_00003449,1.0,1.0,0.0
0,0.0,ILSVRC2012_val_00005130,1.0,1.0,0.0
0,0.0,ILSVRC2012_val_00006808,1.0,1.0,0.0
0,0.0,ILSVRC2012_val_00010733,1.0,1.0,0.0
0,0.0,ILSVRC2012_val_00014541,1.0,1.0,0.0
0,0.0,ILSVRC2012_val_00018922,1.0,1.0,0.0
0,0.0,ILSVRC2012_val_00025924,1.0,1.0,0.0
0,0.0,ILSVRC2012_val_00027450,1.0,1.0,0.0
0,0.0,ILSVRC2012_val_00029063,1.0,1.0,0.0
0,0.0,ILSVRC2012_val_00030419,1.0,1.0,0.0
0,0.0,ILSVRC2012_val_00030425,1.0,1.0,0.0
0,0.0,ILSVRC2012_val_00035318,1.0,1.0,0.0
0,0.0,ILSVRC2012_val_00035574,1.0,1.0,0.0
0,0.0,ILSVRC2012_val_00036158,1.0,1.0,0.0
0,0.0,ILSVRC2012_val_00041330,1.0,1.0,0.0
0,0.0,ILSVRC2012_val_00048463,1.0,1.0,0.0
100,0.1,ILSVRC2012_val_00000487,0.23929523829979202,0.47736926713685196,0.23807402883705994
100,0.1,ILSVRC2012_val_00000681,0.4433375030592084,0.7461638501062989,0.30282634704709055
100,0.1,ILSVRC2012_val_00000729,0.4085964556493038,0.7368465937623335,0.3282501381130297
100,0.1,ILSVRC2012_val_00000974,0.3482850267931819,0.8185799150079488,0.4702948882147669
100,0.1,ILSVRC2012_val_00003449,0.43975738502691186,0.7198252604506133,0.2800678754237015
100,0.1,ILSVRC2012_val_00005130,0.5401210773393512,0.7838320214390754,0.24371094409972416
100,0.1,ILSVRC2012_val_00006808,0.5083156341950099,0.5738666398430864,0.06555100564807648
100,0.1,ILSVRC2012_val_00010733,0.3781600735339026,0.6447832891625663,0.26662321562866376
100,0.1,ILSVRC2012_val_00014541,0.4926709985742967,0.7969464399059613,0.30427544133166456
100,0.1,ILSVRC2012_val_00018922,0.49470405472908174,0.5289353910453617,0.03423133631627995
100,0.1,ILSVRC2012_val_00025924,0.3116914646928509,0.5699695153836472,0.25827805069079623
100,0.1,ILSVRC2012_val_00027450,0.3516828999961416,0.7848921223799388,0.43320922238379717
100,0.1,ILSVRC2012_val_00029063,0.22008910779335222,0.6149992589304184,0.3949101511370662
100,0.1,ILSVRC2012_val_00030419,0.18006932933605277,0.7176303011350335,0.5375609717989807
100,0.1,ILSVRC2012_val_00030425,0.3770077110071977,0.5228939191654325,0.14588620815823478
100,0.1,ILSVRC2012_val_00035318,0.49230458508431907,0.7178180194874605,0.22551343440314142
100,0.1,ILSVRC2012_val_00035574,0.4254449630031983,0.8339332273185253,0.408488264315327
100,0.1,ILSVRC2012_val_00036158,0.21749612974810106,0.6061457166438301,0.38864958689572904
100,0.1,ILSVRC2012_val_00041330,0.30891680035976066,0.5598625871057,0.25094578674593937
100,0.1,ILSVRC2012_val_00048463,0.22406405473177635,0.793571550488472,0.5695074957566957
200,0.2,ILSVRC2012_val_00000487,0.16299734511114658,0.3480586168511461,0.1850612717399995
200,0.2,ILSVRC2012_val_00000681,0.33169974987382694,0.6309247168314954,0.2992249669576685
200,0.2,ILSVRC2012_val_00000729,0.31902471033768315,0.6841776421455306,0.3651529318078474
200,0.2,ILSVRC2012_val_00000974,0.26424261573702096,0.7678264133250652,0.5035837975880442
200,0.2,ILSVRC2012_val_00003449,0.33366529020269714,0.7504610106901266,0.41679572048742947
200,0.2,ILSVRC2012_val_00005130,0.42219092208246395,0.6916783188126981,0.2694873967302342
200,0.2,ILSVRC2012_val_00006808,0.38998166954594976,0.39995521870550393,0.009973549159554174
200,0.2,ILSVRC2012_val_00010733,0.2781389477215707,0.4413810594245791,0.1632421117030084
200,0.2,ILSVRC2012_val_00014541,0.36987327331999936,0.6996734804352124,0.329800207115213
200,0.2,ILSVRC2012_val_00018922,0.4927446645314495,0.4901300200392802,-0.0026146444921693046
200,0.2,ILSVRC2012_val_00025924,0.21450969553204877,0.4104163562479119,0.19590666071586313
200,0.2,ILSVRC2012_val_00027450,0.24489708694343762,0.6692646802340945,0.4243675932906569
200,0.2,ILSVRC2012_val_00029063,0.15285524055069932,0.6037464594129472,0.4508912188622479
200,0.2,ILSVRC2012_val_00030419,0.15190896532538659,0.6673963940478861,0.5154874287224995
200,0.2,ILSVRC2012_val_00030425,0.37783953345566984,0.40352146925333265,0.025681935797662814
200,0.2,ILSVRC2012_val_00035318,0.3866763646617532,0.5735897126495838,0.1869133479878306
200,0.2,ILSVRC2012_val_00035574,0.2985845530793071,0.7672748065869014,0.4686902535075943
200,0.2,ILSVRC2012_val_00036158,0.17619817756315848,0.41737132442123254,0.24117314685807406
200,0.2,ILSVRC2012_val_00041330,0.18569214701792225,0.46935154625652364,0.2836593992386014
200,0.2,ILSVRC2012_val_00048463,0.1675507767332097,0.7053316955711848,0.5377809188379751
400,0.4,ILSVRC2012_val_00000487,0.08454860309288292,0.12069321742109607,0.03614461432821314
400,0.4,ILSVRC2012_val_00000681,0.16123773692951848,0.1939582120080207,0.032720475078502204
400,0.4,ILSVRC2012_val_00000729,0.1827182268538551,0.271387707258303,0.08866948040444791
400,0.4,ILSVRC2012_val_00000974,0.1564872124282022,0.5952514108395359,0.43876419841133374
400,0.4,ILSVRC2012_val_00003449,0.19776135482243262,0.5935916269966983,0.3958302721742657
400,0.4,ILSVRC2012_val_00005130,0.2920220905542374,0.49085813931441713,0.19883604876017974
400,0.4,ILSVRC2012_val_00006808,0.15578074810667505,0.07473693730841235,-0.0810438107982627
400,0.4,ILSVRC2012_val_00010733,0.14904948092640066,0.18354734310699858,0.034497862180597916
400,0.4,ILSVRC2012_val_00014541,0.19494852877190957,0.48896175353601573,0.2940132247641062
400,0.4,ILSVRC2012_val_00018922,0.3788343661647911,0.2824575704858289,-0.09637679567896218
400,0.4,ILSVRC2012_val_00025924,0.10819723129483949,0.11627915338435559,0.008081922089516094
400,0.4,ILSVRC2012_val_00027450,0.11879166146959563,0.3165717606576121,0.19778009918801648
400,0.4,ILSVRC2012_val_00029063,0.08253375500125305,0.37914460790605514,0.2966108529048021
400,0.4,ILSVRC2012_val_00030419,0.11449198799754957,0.39358623124880254,0.279094243251253
400,0.4,ILSVRC2012_val_00030425,0.19298334704331743,0.09564087657706115,-0.09734247046625628
400,0.4,ILSVRC2012_val_00035318,0.27526049339026215,0.3139366932795383,0.038676199889276175
400,0.4,ILSVRC2012_val_00035574,0.1220769321282472,0.1985718788407491,0.07649494671250189
400,0.4,ILSVRC2012_val_00036158,0.0954723282159539,0.1030393030417666,0.0075669748258127
400,0.4,ILSVRC2012_val_00041330,0.0772733540306799,0.13681533591782988,0.05954198188714997
400,0.4,ILSVRC2012_val_00048463,0.1114917737430854,0.36367098944655546,0.25217921570347007
600,0.6,ILSVRC2012_val_00000487,0.04640187839052912,0.05595779258549253,0.009555914194963412
600,0.6,ILSVRC2012_val_00000681,0.06422630997736026,0.03622392561480713,-0.028002384362553125
600,0.6,ILSVRC2012_val_00000729,0.07868878462797148,0.04984550081031436,-0.02884328381765712
600,0.6,ILSVRC2012_val_00000974,0.0706205250084798,0.07395728222177422,0.0033367572132944195
600,0.6,ILSVRC2012_val_00003449,0.06158801838008609,0.08187855237959109,0.020290533999505
600,0.6,ILSVRC2012_val_00005130,0.08063532875376404,0.10468016216289834,0.024044833409134297
600,0.6,ILSVRC2012_val_00006808,0.07098085769211564,0.01473074097708256,-0.05625011671503308
600,0.6,ILSVRC2012_val_00010733,0.07543171147130973,0.0691532298275415,-0.006278481643768222
600,0.6,ILSVRC2012_val_00014541,0.05795685931191352,0.12837077679550082,0.0704139174835873
600,0.6,ILSVRC2012_val_00018922,0.1545143915533845,0.1009592100623607,-0.05355518149102381
600,0.6,ILSVRC2012_val_00025924,0.05239578453171998,0.05910593803495673,0.006710153503236747
600,0.6,ILSVRC2012_val_00027450,0.046822839732854234,0.07781699069215876,0.03099415095930453
600,0.6,ILSVRC2012_val_00029063,0.04524112999751135,0.08585477939318904,0.040613649395677694
600,0.6,ILSVRC2012_val_00030419,0.06880356974508807,0.1052293755428788,0.03642580579779073
600,0.6,ILSVRC2012_val_00030425,0.06263355555118566,0.040475924986026555,-0.022157630565159105
600,0.6,ILSVRC2012_val_00035318,0.15287993174147171,0.0852328325692991,-0.06764709917217261
600,0.6,ILSVRC2012_val_00035574,0.05139611355464633,0.045620780659820115,-0.005775332894826214
600,0.6,ILSVRC2012_val_00036158,0.06259351066576589,0.03185133270598211,-0.030742177959783783
600,0.6,ILSVRC2012_val_00041330,0.010942824280442437,0.053989719397398106,0.04304689511695567
600,0.6,ILSVRC2012_val_00048463,0.06592534125751505,0.06308618247883958,-0.0028391587786754657
800,0.8,ILSVRC2012_val_00000487,0.02242310682795748,0.036621636512829965,0.014198529684872487
800,0.8,ILSVRC2012_val_00000681,0.028972196249572636,0.030105526994273532,0.0011333307447008965
800,0.8,ILSVRC2012_val_00000729,0.0460440383288078,0.037802821899424695,-0.008241216429383108
800,0.8,ILSVRC2012_val_00000974,0.03971159178503149,0.04977795183814305,0.01006636005311156
800,0.8,ILSVRC2012_val_00003449,0.03623337759092101,0.041191727190637406,0.004958349599716395
800,0.8,ILSVRC2012_val_00005130,0.02435328263416886,0.030791176288888288,0.006437893654719428
800,0.8,ILSVRC2012_val_00006808,0.04734734835785154,0.01922563945193057,-0.02812170890592097
800,0.8,ILSVRC2012_val_00010733,0.030388937766372692,0.03639935760928589,0.0060104198429132005
800,0.8,ILSVRC2012_val_00014541,0.022730980825877243,0.0468091067999194,0.024078125974042155
800,0.8,ILSVRC2012_val_00018922,0.046532325866573944,0.04911276953155175,0.0025804436649778037
800,0.8,ILSVRC2012_val_00025924,0.03071863467058089,0.04298258898796242,0.012263954317381531
800,0.8,ILSVRC2012_val_00027450,0.024440336521642163,0.056275332924386016,0.031834996402743856
800,0.8,ILSVRC2012_val_00029063,0.028962376703881697,0.05094243843552734,0.021980061731645646
800,0.8,ILSVRC2012_val_00030419,0.03150974711970533,0.04697670015361897,0.015466953033913641
800,0.8,ILSVRC2012_val_00030425,0.03852431077085202,0.0326971202964002,-0.005827190474451821
800,0.8,ILSVRC2012_val_00035318,0.03604895292389362,0.032249230122843676,-0.00379972280104994
800,0.8,ILSVRC2012_val_00035574,0.018287791220092914,0.03857858421691344,0.020290792996820524
800,0.8,ILSVRC2012_val_00036158,0.03349485411681235,0.019776080045213654,-0.013718774071598695
800,0.8,ILSVRC2012_val_00041330,0.005443621426602478,0.03153592618135735,0.026092304754754873
800,0.8,ILSVRC2012_val_00048463,0.030659233369102975,0.03925965032372914,0.008600416954626166
999,0.999,ILSVRC2012_val_00000487,0.014874134516741225,0.03433352332210052,0.019459388805359294
999,0.999,ILSVRC2012_val_00000681,0.025217054481249463,0.028631506800030668,0.0034144523187812047
999,0.999,ILSVRC2012_val_00000729,0.03972485774835028,0.03552079409935201,-0.004204063648998273
999,0.999,ILSVRC2012_val_00000974,0.03705236102964651,0.04922082131670322,0.012168460287056704
999,0.999,ILSVRC2012_val_00003449,0.028961668400811807,0.040213202701658395,0.011251534300846588
999,0.999,ILSVRC2012_val_00005130,0.028882406044479763,0.02993258918150483,0.001050183137025068
999,0.999,ILSVRC2012_val_00006808,0.038893083722544054,0.018769208342962276,-0.02012387537958178
999,0.999,ILSVRC2012_val_00010733,0.020595233775384258,0.02934745030621222,0.008752216530827962
999,0.999,ILSVRC2012_val_00014541,0.016560516838430586,0.04386137978697663,0.027300862948546042
999,0.999,ILSVRC2012_val_00018922,0.020736453626537695,0.04007079393007249,0.019334340303534796
999,0.999,ILSVRC2012_val_00025924,0.027628805173725898,0.04088124819088262,0.01325244301715672
999,0.999,ILSVRC2012_val_00027450,0.019296233376973154,0.05203230904845987,0.03273607567148672
999,0.999,ILSVRC2012_val_00029063,0.024318555053488428,0.04960321330704028,0.025284658253551855
999,0.999,ILSVRC2012_val_00030419,0.025755313101535043,0.04312093961747208,0.017365626515937035
999,0.999,ILSVRC2012_val_00030425,0.03655472350025472,0.03306031460741845,-0.0034944088928362677
999,0.999,ILSVRC2012_val_00035318,0.03241127159440658,0.028536803401841716,-0.0038744681925648623
999,0.999,ILSVRC2012_val_00035574,0.01656183167191921,0.03854401882421613,0.021982187152296922
999,0.999,ILSVRC2012_val_00036158,0.0268889576990429,0.018913242683202654,-0.007975715015840247
999,0.999,ILSVRC2012_val_00041330,0.003391633115631221,0.030167294677288736,0.026775661561657515
999,0.999,ILSVRC2012_val_00048463,0.02773376297015542,0.03914907441235846,0.011415311442203039
